name,show
one plus,TRUE
adobe,TRUE
aki flow,TRUE
app sumo,TRUE
benq,TRUE
bigrock,TRUE
bolt,TRUE
canva,TRUE
connect team,TRUE
cred,TRUE
digital ocean,TRUE
filmora,TRUE
fiverr,TRUE
hp,TRUE
ibm,TRUE
intel,TRUE
issuu,TRUE
kittl,TRUE
lenovo,TRUE
lex page,TRUE
logitech,TRUE
lottie,TRUE
meta,TRUE
mivi,TRUE
mobbin,TRUE
nvidia,TRUE
odoo,TRUE
oppo,TRUE
phase,TRUE
siemens,TRUE
steelcase,TRUE
wix,TRUE
buildyourstore,TRUE
aivideo,TRUE
akool,TRUE
creatie,TRUE
devin ai,TRUE
figma,TRUE
house of abhinandan lodha,TRUE
gamma,TRUE
glance,TRUE
lovart,TRUE
microsoft copilot,TRUE
piccopilot,TRUE
plaud ai,TRUE
readdy,TRUE
relume,TRUE
rocket ai,TRUE
trae ai,TRUE
ux lighthouse,TRUE
vidu,TRUE
visual electric,TRUE
warmwind,TRUE
bonito,TRUE
gls,TRUE
hoabl,TRUE
myhq,TRUE
and academy,TRUE
brilliant org,TRUE
coursera,TRUE
desmos,TRUE
duolingo,TRUE
futurense,TRUE
masters union,TRUE
niat,TRUE
physics wallah,TRUE
rishihood,TRUE
scaler,TRUE
simplilearn,TRUE
emami,TRUE
saffola,TRUE
chinese wok,TRUE
hdfc,TRUE
msl,TRUE
niyo,TRUE
story blocks,TRUE
zee5,TRUE
miduty,TRUE
traya,TRUE
