name,image,detail,instagram,instagram-count,youtube,youtube-count,linkedin,linkedin-count,twitter,twitter-count
EDBCFD2A-329E-40F6-96DC-7CB7808324E5.JPG.jpeg,EDBCFD2A-329E-40F6-96DC-7CB7808324E5.JPG.jpeg,,,,,,,,,
IMG_0460.JPG.jpeg,IMG_0460.JPG.jpeg,,,,,,,,,
IMG_0690.JPG.jpeg,IMG_0690.JPG.jpeg,,,,,,,,,
IMG_0738.JPG.jpeg,IMG_0738.JPG.jpeg,,,,,,,,,
IMG_1180.JPG.jpeg,IMG_1180.JPG.jpeg,,,,,,,,,
IMG_1196.JPG.jpeg,IMG_1196.JPG.jpeg,,,,,,,,,
IMG_1648.JPG.jpeg,IMG_1648.JPG.jpeg,,,,,,,,,
IMG_1871.JPG.jpeg,IMG_1871.JPG.jpeg,,,,,,,,,
IMG_1876.JPG.jpeg,IMG_1876.JPG.jpeg,,,,,,,,,
IMG_1877.JPG.jpeg,IMG_1877.JPG.jpeg,,,,,,,,,
IMG_3025.JPG.jpeg,IMG_3025.JPG.jpeg,,,,,,,,,
IMG_3211.JPG.jpeg,IMG_3211.JPG.jpeg,,,,,,,,,
IMG_4491.JPG.jpeg,IMG_4491.JPG.jpeg,,,,,,,,,
